[{"gender":"Female","name":"Debra","job":"Photofeed"},
{"gender":"Male","name":"Martin","job":"Linkbuzz"},
{"gender":"Male","name":"Howard","job":"Fliptune"},
{"gender":"Male","name":"Jimmy","job":"Zoomdog"},
{"gender":"Female","name":"Louise","job":"Vidoo"},
{"gender":"Male","name":"Philip","job":"Feedfish"},
{"gender":"Male","name":"Andrew","job":"Kare"},
{"gender":"Male","name":"Anthony","job":"Jamia"},
{"gender":"Male","name":"Jack","job":"Divanoodle"},
{"gender":"Male","name":"Philip","job":"Fadeo"},
{"gender":"Male","name":"Henry","job":"Tambee"},
{"gender":"Male","name":"Robert","job":"Zooveo"},
{"gender":"Male","name":"Alan","job":"Skynoodle"},
{"gender":"Male","name":"Chris","job":"Browsetype"},
{"gender":"Female","name":"Katherine","job":"Realblab"},
{"gender":"Female","name":"Martha","job":"Jazzy"},
{"gender":"Male","name":"Paul","job":"Feedmix"},
{"gender":"Male","name":"Carlos","job":"Realbridge"},
{"gender":"Male","name":"Ernest","job":"Tagfeed"},
{"gender":"Male","name":"Adam","job":"Skidoo"},
{"gender":"Female","name":"Denise","job":"Babbleopia"},
{"gender":"Female","name":"Stephanie","job":"Jazzy"},
{"gender":"Female","name":"Julia","job":"Topicstorm"},
{"gender":"Female","name":"Donna","job":"Meeveo"},
{"gender":"Male","name":"Lawrence","job":"Ozu"},
{"gender":"Female","name":"Pamela","job":"Shuffletag"},
{"gender":"Male","name":"Billy","job":"Tagopia"},
{"gender":"Male","name":"Donald","job":"Feedspan"},
{"gender":"Male","name":"Ryan","job":"Skyvu"},
{"gender":"Male","name":"Scott","job":"Miboo"},
{"gender":"Male","name":"Christopher","job":"Yabox"},
{"gender":"Female","name":"Denise","job":"Fanoodle"},
{"gender":"Female","name":"Phyllis","job":"Jaxworks"},
{"gender":"Female","name":"Carolyn","job":"Edgetag"},
{"gender":"Male","name":"Joshua","job":"Skilith"},
{"gender":"Male","name":"Dennis","job":"Demivee"},
{"gender":"Male","name":"Roger","job":"Trudeo"},
{"gender":"Male","name":"Andrew","job":"Yoveo"},
{"gender":"Female","name":"Stephanie","job":"Trilith"},
{"gender":"Male","name":"George","job":"Rhynyx"},
{"gender":"Male","name":"Craig","job":"Babbleblab"},
{"gender":"Male","name":"Antonio","job":"Yadel"},
{"gender":"Female","name":"Ruth","job":"BlogXS"},
{"gender":"Female","name":"Kathryn","job":"Vinte"},
{"gender":"Female","name":"Elizabeth","job":"Thoughtbridge"},
{"gender":"Male","name":"Kevin","job":"Mita"},
{"gender":"Female","name":"Diane","job":"Mycat"},
{"gender":"Male","name":"Brandon","job":"Ooba"},
{"gender":"Female","name":"Barbara","job":"Jaxnation"},
{"gender":"Male","name":"Shawn","job":"Youfeed"},
{"gender":"Female","name":"Julie","job":"Livepath"},
{"gender":"Female","name":"Jean","job":"Gabcube"},
{"gender":"Female","name":"Emily","job":"Katz"},
{"gender":"Female","name":"Nancy","job":"Quinu"},
{"gender":"Female","name":"Joan","job":"Rooxo"},
{"gender":"Male","name":"Andrew","job":"LiveZ"},
{"gender":"Female","name":"Marie","job":"Realcube"},
{"gender":"Male","name":"Clarence","job":"Twitterwire"},
{"gender":"Female","name":"Denise","job":"Centimia"},
{"gender":"Male","name":"Johnny","job":"Buzzshare"},
{"gender":"Male","name":"Stephen","job":"Fivespan"},
{"gender":"Male","name":"Terry","job":"Eare"},
{"gender":"Female","name":"Catherine","job":"Gigazoom"},
{"gender":"Male","name":"Eugene","job":"Rhybox"},
{"gender":"Male","name":"Benjamin","job":"Skyba"},
{"gender":"Male","name":"Earl","job":"Innojam"},
{"gender":"Female","name":"Nicole","job":"Twinte"},
{"gender":"Female","name":"Tina","job":"Jaxspan"},
{"gender":"Female","name":"Katherine","job":"Jazzy"},
{"gender":"Male","name":"Edward","job":"Jayo"},
{"gender":"Male","name":"Justin","job":"Devpoint"},
{"gender":"Male","name":"Matthew","job":"Zoomzone"},
{"gender":"Female","name":"Christine","job":"Zooveo"},
{"gender":"Female","name":"Lisa","job":"Eare"},
{"gender":"Male","name":"Adam","job":"Shufflester"},
{"gender":"Male","name":"Joshua","job":"Skippad"},
{"gender":"Male","name":"Fred","job":"Dabjam"},
{"gender":"Male","name":"Daniel","job":"Realfire"},
{"gender":"Male","name":"Willie","job":"Mita"},
{"gender":"Female","name":"Sharon","job":"Photospace"},
{"gender":"Male","name":"Michael","job":"Izio"},
{"gender":"Male","name":"Henry","job":"Talane"},
{"gender":"Female","name":"Robin","job":"Photofeed"},
{"gender":"Female","name":"Mildred","job":"Youspan"},
{"gender":"Female","name":"Kelly","job":"Zoomdog"},
{"gender":"Male","name":"John","job":"Voomm"},
{"gender":"Female","name":"Anne","job":"Roomm"},
{"gender":"Female","name":"Nicole","job":"Linktype"},
{"gender":"Female","name":"Judith","job":"Roodel"},
{"gender":"Male","name":"Raymond","job":"Tagcat"},
{"gender":"Male","name":"Billy","job":"Gevee"},
{"gender":"Female","name":"Lois","job":"Yombu"},
{"gender":"Male","name":"Harry","job":"Blogpad"},
{"gender":"Male","name":"Wayne","job":"Zoomdog"},
{"gender":"Female","name":"Kelly","job":"Jabbersphere"},
{"gender":"Female","name":"Michelle","job":"Skimia"},
{"gender":"Male","name":"Jeffrey","job":"Ooba"},
{"gender":"Male","name":"Russell","job":"Avamba"},
{"gender":"Female","name":"Barbara","job":"Skaboo"},
{"gender":"Female","name":"Tammy","job":"Quinu"},
{"gender":"Female","name":"Rebecca","job":"Youtags"},
{"gender":"Female","name":"Melissa","job":"Yodoo"},
{"gender":"Female","name":"Janet","job":"Realcube"},
{"gender":"Male","name":"Howard","job":"Babblestorm"},
{"gender":"Female","name":"Michelle","job":"Eabox"},
{"gender":"Male","name":"Ryan","job":"Voonte"},
{"gender":"Male","name":"Victor","job":"Jabberbean"},
{"gender":"Male","name":"Juan","job":"Twitterbridge"},
{"gender":"Female","name":"Debra","job":"Tazz"},
{"gender":"Male","name":"Donald","job":"Zoovu"},
{"gender":"Male","name":"Antonio","job":"Twitterworks"},
{"gender":"Male","name":"Thomas","job":"Lazzy"},
{"gender":"Female","name":"Jacqueline","job":"Plajo"},
{"gender":"Female","name":"Lori","job":"Browsezoom"},
{"gender":"Male","name":"Carl","job":"Photobean"},
{"gender":"Male","name":"Douglas","job":"Thoughtstorm"},
{"gender":"Female","name":"Kelly","job":"Viva"},
{"gender":"Male","name":"Walter","job":"Tagfeed"},
{"gender":"Female","name":"Catherine","job":"Flashpoint"},
{"gender":"Female","name":"Paula","job":"Shufflebeat"},
{"gender":"Male","name":"Paul","job":"Wikizz"},
{"gender":"Female","name":"Lillian","job":"Livepath"},
{"gender":"Female","name":"Amanda","job":"Skalith"},
{"gender":"Female","name":"Heather","job":"Brightbean"},
{"gender":"Female","name":"Ruth","job":"Wordware"},
{"gender":"Male","name":"Lawrence","job":"Avamm"},
{"gender":"Female","name":"Kathryn","job":"BlogXS"},
{"gender":"Male","name":"Roy","job":"Yakitri"},
{"gender":"Male","name":"Philip","job":"Flashpoint"},
{"gender":"Female","name":"Evelyn","job":"Topiczoom"},
{"gender":"Male","name":"Craig","job":"Voonder"},
{"gender":"Male","name":"Bobby","job":"Yodo"},
{"gender":"Female","name":"Karen","job":"Centimia"},
{"gender":"Female","name":"Anne","job":"Yombu"},
{"gender":"Male","name":"Earl","job":"Yotz"},
{"gender":"Female","name":"Michelle","job":"Feedfish"},
{"gender":"Female","name":"Sharon","job":"Skinte"},
{"gender":"Male","name":"Matthew","job":"Kwideo"},
{"gender":"Male","name":"Brian","job":"Topiclounge"},
{"gender":"Male","name":"Jason","job":"Browsezoom"},
{"gender":"Male","name":"John","job":"Gabtype"},
{"gender":"Male","name":"Billy","job":"Feedfish"},
{"gender":"Male","name":"Joshua","job":"Gigaclub"},
{"gender":"Female","name":"Elizabeth","job":"Skibox"},
{"gender":"Female","name":"Ashley","job":"Feedmix"},
{"gender":"Male","name":"John","job":"Skyble"},
{"gender":"Male","name":"Henry","job":"Miboo"},
{"gender":"Female","name":"Teresa","job":"JumpXS"},
{"gender":"Male","name":"Gerald","job":"Zoomzone"},
{"gender":"Male","name":"Andrew","job":"Shufflester"},
{"gender":"Female","name":"Anne","job":"Vinder"},
{"gender":"Male","name":"Howard","job":"Gigashots"},
{"gender":"Female","name":"Anna","job":"Rooxo"},
{"gender":"Female","name":"Tina","job":"Centidel"},
{"gender":"Male","name":"James","job":"Blognation"},
{"gender":"Male","name":"Walter","job":"Quaxo"},
{"gender":"Male","name":"John","job":"Digitube"},
{"gender":"Male","name":"Daniel","job":"Photojam"},
{"gender":"Female","name":"Kathy","job":"Realpoint"},
{"gender":"Female","name":"Kathryn","job":"Brightbean"},
{"gender":"Female","name":"Julie","job":"Twitterbridge"},
{"gender":"Female","name":"Marie","job":"Pixope"},
{"gender":"Female","name":"Diane","job":"Flipstorm"},
{"gender":"Male","name":"Billy","job":"Yabox"},
{"gender":"Female","name":"Jane","job":"Tagtune"},
{"gender":"Male","name":"Jack","job":"Topicware"},
{"gender":"Male","name":"Henry","job":"Twitternation"},
{"gender":"Female","name":"Kathy","job":"Katz"},
{"gender":"Male","name":"Brandon","job":"Quimba"},
{"gender":"Female","name":"Tina","job":"Divavu"},
{"gender":"Male","name":"Arthur","job":"Devify"},
{"gender":"Female","name":"Jacqueline","job":"Dablist"},
{"gender":"Male","name":"Mark","job":"Fivebridge"},
{"gender":"Male","name":"Paul","job":"Babblestorm"},
{"gender":"Male","name":"Juan","job":"Zoomlounge"},
{"gender":"Male","name":"Jerry","job":"Edgewire"},
{"gender":"Male","name":"Jonathan","job":"Yata"},
{"gender":"Male","name":"Walter","job":"Voonyx"},
{"gender":"Female","name":"Sarah","job":"Aibox"},
{"gender":"Female","name":"Janice","job":"Flashset"},
{"gender":"Female","name":"Joyce","job":"Midel"},
{"gender":"Male","name":"George","job":"Podcat"},
{"gender":"Male","name":"Paul","job":"Oyondu"},
{"gender":"Female","name":"Denise","job":"Vidoo"},
{"gender":"Male","name":"Arthur","job":"Viva"},
{"gender":"Female","name":"Julie","job":"Devpulse"},
{"gender":"Female","name":"Jane","job":"Tagfeed"},
{"gender":"Male","name":"Johnny","job":"Jabberbean"},
{"gender":"Female","name":"Kimberly","job":"Katz"},
{"gender":"Female","name":"Susan","job":"Youbridge"},
{"gender":"Female","name":"Mildred","job":"Edgeify"},
{"gender":"Female","name":"Mildred","job":"Jaxnation"},
{"gender":"Female","name":"Jane","job":"Tagtune"},
{"gender":"Male","name":"Joshua","job":"Fadeo"},
{"gender":"Male","name":"Bruce","job":"Skinte"},
{"gender":"Female","name":"Julia","job":"Chatterpoint"},
{"gender":"Male","name":"Roger","job":"Zoomdog"},
{"gender":"Female","name":"Karen","job":"Voonix"},
{"gender":"Male","name":"Todd","job":"Oyope"},
{"gender":"Female","name":"Virginia","job":"Zoozzy"},
{"gender":"Male","name":"Albert","job":"Photospace"},
{"gender":"Female","name":"Robin","job":"Aimbu"},
{"gender":"Male","name":"Howard","job":"Eare"},
{"gender":"Female","name":"Mildred","job":"Dabshots"},
{"gender":"Male","name":"Wayne","job":"Youopia"},
{"gender":"Male","name":"Craig","job":"Youopia"},
{"gender":"Female","name":"Heather","job":"Demivee"},
{"gender":"Female","name":"Dorothy","job":"Latz"},
{"gender":"Male","name":"Larry","job":"Roodel"},
{"gender":"Male","name":"Wayne","job":"Wordify"},
{"gender":"Male","name":"Thomas","job":"Realmix"},
{"gender":"Male","name":"Edward","job":"Skipfire"},
{"gender":"Female","name":"Lois","job":"Zooveo"},
{"gender":"Male","name":"Roy","job":"Meetz"},
{"gender":"Female","name":"Sarah","job":"Zazio"},
{"gender":"Female","name":"Sara","job":"Zoonoodle"},
{"gender":"Female","name":"Martha","job":"Tavu"},
{"gender":"Female","name":"Louise","job":"Teklist"},
{"gender":"Female","name":"Sarah","job":"Thoughtmix"},
{"gender":"Male","name":"Jeffrey","job":"Shufflebeat"},
{"gender":"Female","name":"Bonnie","job":"Devify"},
{"gender":"Male","name":"Jesse","job":"Demivee"},
{"gender":"Male","name":"Andrew","job":"Flashpoint"},
{"gender":"Female","name":"Gloria","job":"Devpoint"},
{"gender":"Male","name":"Fred","job":"Bubblemix"},
{"gender":"Male","name":"Louis","job":"Edgepulse"},
{"gender":"Male","name":"Keith","job":"Trupe"},
{"gender":"Female","name":"Nancy","job":"Miboo"},
{"gender":"Female","name":"Tina","job":"Mudo"},
{"gender":"Male","name":"Eugene","job":"JumpXS"},
{"gender":"Male","name":"Willie","job":"Brightbean"},
{"gender":"Female","name":"Bonnie","job":"Talane"},
{"gender":"Female","name":"Lisa","job":"Trunyx"},
{"gender":"Male","name":"Henry","job":"Skippad"},
{"gender":"Female","name":"Amanda","job":"Dabshots"},
{"gender":"Male","name":"Bobby","job":"Photojam"},
{"gender":"Male","name":"Harold","job":"Brainlounge"},
{"gender":"Female","name":"Nancy","job":"Thoughtworks"},
{"gender":"Male","name":"Donald","job":"Yacero"},
{"gender":"Male","name":"Douglas","job":"Zava"},
{"gender":"Female","name":"Dorothy","job":"Oyoba"},
{"gender":"Male","name":"James","job":"Skivee"},
{"gender":"Female","name":"Julie","job":"Quatz"},
{"gender":"Female","name":"Diana","job":"Quatz"},
{"gender":"Female","name":"Wanda","job":"Bubblemix"},
{"gender":"Female","name":"Norma","job":"Bluejam"},
{"gender":"Female","name":"Joan","job":"Photobug"},
{"gender":"Male","name":"Scott","job":"Topiclounge"},
{"gender":"Male","name":"Brandon","job":"Zoonoodle"},
{"gender":"Male","name":"Howard","job":"Thoughtblab"},
{"gender":"Male","name":"Kevin","job":"Youbridge"},
{"gender":"Female","name":"Kathy","job":"Divape"},
{"gender":"Female","name":"Jacqueline","job":"Zoonder"},
{"gender":"Male","name":"Roy","job":"Kwimbee"},
{"gender":"Male","name":"Andrew","job":"Realcube"},
{"gender":"Male","name":"Brandon","job":"Skyble"},
{"gender":"Male","name":"Louis","job":"Twinder"},
{"gender":"Female","name":"Pamela","job":"Voonte"},
{"gender":"Male","name":"Carl","job":"Divanoodle"},
{"gender":"Female","name":"Carol","job":"Oyope"},
{"gender":"Male","name":"James","job":"Devbug"},
{"gender":"Female","name":"Annie","job":"DabZ"},
{"gender":"Female","name":"Kathleen","job":"Kamba"},
{"gender":"Female","name":"Patricia","job":"Katz"},
{"gender":"Female","name":"Nicole","job":"Mynte"},
{"gender":"Male","name":"Samuel","job":"Demizz"},
{"gender":"Female","name":"Jane","job":"Trilith"},
{"gender":"Female","name":"Kathy","job":"Kwideo"},
{"gender":"Female","name":"Tammy","job":"Skalith"},
{"gender":"Male","name":"Ernest","job":"Ntag"},
{"gender":"Female","name":"Teresa","job":"Lajo"},
{"gender":"Male","name":"Raymond","job":"Yabox"},
{"gender":"Male","name":"Charles","job":"Mita"},
{"gender":"Female","name":"Christine","job":"Photofeed"},
{"gender":"Female","name":"Kathryn","job":"Yotz"},
{"gender":"Male","name":"Jeremy","job":"Zava"},
{"gender":"Female","name":"Katherine","job":"Edgeclub"},
{"gender":"Male","name":"Randy","job":"Dablist"},
{"gender":"Male","name":"Harold","job":"Skimia"},
{"gender":"Female","name":"Kimberly","job":"Yodo"},
{"gender":"Female","name":"Teresa","job":"Katz"},
{"gender":"Female","name":"Julia","job":"Rhycero"},
{"gender":"Female","name":"Kathryn","job":"Browsezoom"},
{"gender":"Male","name":"Antonio","job":"Shuffledrive"},
{"gender":"Female","name":"Teresa","job":"Browsezoom"},
{"gender":"Male","name":"Todd","job":"Twitterbeat"},
{"gender":"Male","name":"Carl","job":"Feedfish"},
{"gender":"Male","name":"Daniel","job":"Yakijo"},
{"gender":"Male","name":"Michael","job":"Kwimbee"},
{"gender":"Female","name":"Sharon","job":"Skynoodle"},
{"gender":"Female","name":"Amy","job":"Thoughtblab"},
{"gender":"Male","name":"Chris","job":"Gigaclub"},
{"gender":"Female","name":"Lois","job":"Mydeo"},
{"gender":"Male","name":"Jack","job":"Yotz"},
{"gender":"Female","name":"Debra","job":"Eare"},
{"gender":"Female","name":"Jessica","job":"Twitterbeat"},
{"gender":"Male","name":"Bobby","job":"Kare"},
{"gender":"Female","name":"Stephanie","job":"Buzzbean"},
{"gender":"Female","name":"Barbara","job":"Photobean"},
{"gender":"Female","name":"Ruby","job":"Mymm"},
{"gender":"Male","name":"Mark","job":"Meejo"},
{"gender":"Female","name":"Tina","job":"Mynte"},
{"gender":"Female","name":"Linda","job":"Skyba"},
{"gender":"Male","name":"Randy","job":"Dynabox"},
{"gender":"Female","name":"Emily","job":"Feedfire"},
{"gender":"Male","name":"Johnny","job":"Avamm"},
{"gender":"Female","name":"Ruth","job":"Katz"},
{"gender":"Female","name":"Linda","job":"Chatterbridge"},
{"gender":"Female","name":"Evelyn","job":"Zoonoodle"},
{"gender":"Female","name":"Debra","job":"Yombu"},
{"gender":"Male","name":"Michael","job":"Blogtag"},
{"gender":"Male","name":"Wayne","job":"Agimba"},
{"gender":"Male","name":"Jerry","job":"Devshare"},
{"gender":"Female","name":"Pamela","job":"Kanoodle"},
{"gender":"Male","name":"Larry","job":"Browsecat"},
{"gender":"Male","name":"Mark","job":"Trudoo"},
{"gender":"Male","name":"Andrew","job":"Linkbuzz"},
{"gender":"Male","name":"Raymond","job":"Omba"},
{"gender":"Female","name":"Robin","job":"Feedspan"},
{"gender":"Female","name":"Kathleen","job":"Jabbercube"},
{"gender":"Female","name":"Dorothy","job":"Ainyx"},
{"gender":"Female","name":"Kathryn","job":"Vitz"},
{"gender":"Male","name":"Roy","job":"Omba"},
{"gender":"Female","name":"Virginia","job":"Gabvine"},
{"gender":"Male","name":"Keith","job":"Centidel"},
{"gender":"Female","name":"Nicole","job":"Wordtune"},
{"gender":"Female","name":"Pamela","job":"Trudeo"},
{"gender":"Male","name":"Billy","job":"Innojam"},
{"gender":"Female","name":"Ashley","job":"Fivespan"},
{"gender":"Female","name":"Bonnie","job":"Jaxnation"},
{"gender":"Female","name":"Jennifer","job":"Browsebug"},
{"gender":"Male","name":"Sean","job":"Youtags"},
{"gender":"Female","name":"Beverly","job":"Brainlounge"},
{"gender":"Male","name":"Matthew","job":"Twitternation"},
{"gender":"Female","name":"Karen","job":"Zoovu"},
{"gender":"Female","name":"Louise","job":"Voonder"},
{"gender":"Male","name":"Russell","job":"Myworks"},
{"gender":"Male","name":"Scott","job":"Zoonoodle"},
{"gender":"Female","name":"Denise","job":"Zooveo"},
{"gender":"Male","name":"John","job":"Viva"},
{"gender":"Female","name":"Katherine","job":"Oodoo"},
{"gender":"Male","name":"William","job":"Youbridge"},
{"gender":"Male","name":"Benjamin","job":"Tagtune"},
{"gender":"Male","name":"Jimmy","job":"Roombo"},
{"gender":"Female","name":"Lisa","job":"Yadel"},
{"gender":"Female","name":"Lisa","job":"Jatri"},
{"gender":"Male","name":"Mark","job":"Shufflester"},
{"gender":"Female","name":"Jennifer","job":"Nlounge"},
{"gender":"Female","name":"Rose","job":"Quatz"},
{"gender":"Female","name":"Melissa","job":"Rhybox"},
{"gender":"Male","name":"Donald","job":"Edgeclub"},
{"gender":"Female","name":"Karen","job":"Edgeblab"},
{"gender":"Male","name":"Gregory","job":"Eayo"},
{"gender":"Female","name":"Nicole","job":"Browsecat"},
{"gender":"Male","name":"Philip","job":"Tambee"},
{"gender":"Female","name":"Bonnie","job":"Riffwire"},
{"gender":"Female","name":"Denise","job":"Skimia"},
{"gender":"Female","name":"Marie","job":"Wordpedia"},
{"gender":"Male","name":"Martin","job":"Dynazzy"},
{"gender":"Male","name":"Roy","job":"Skidoo"},
{"gender":"Female","name":"Wanda","job":"Brainlounge"},
{"gender":"Female","name":"Ruth","job":"Tanoodle"},
{"gender":"Female","name":"Alice","job":"Realfire"},
{"gender":"Male","name":"Benjamin","job":"Rhyloo"},
{"gender":"Female","name":"Tina","job":"Miboo"},
{"gender":"Male","name":"Todd","job":"Dabfeed"},
{"gender":"Female","name":"Maria","job":"Shufflester"},
{"gender":"Male","name":"Jesse","job":"Skimia"},
{"gender":"Male","name":"Joseph","job":"Jayo"},
{"gender":"Female","name":"Emily","job":"Yakijo"},
{"gender":"Female","name":"Janice","job":"Skivee"},
{"gender":"Male","name":"Arthur","job":"Layo"},
{"gender":"Male","name":"Philip","job":"Skibox"},
{"gender":"Male","name":"Jose","job":"Trilith"},
{"gender":"Male","name":"Alan","job":"Skyble"},
{"gender":"Male","name":"Matthew","job":"Blogspan"},
{"gender":"Female","name":"Julia","job":"Fadeo"},
{"gender":"Male","name":"Robert","job":"Vitz"},
{"gender":"Male","name":"Gary","job":"Dabjam"},
{"gender":"Male","name":"Shawn","job":"Flipbug"},
{"gender":"Male","name":"Billy","job":"Oyondu"},
{"gender":"Male","name":"Kevin","job":"Layo"},
{"gender":"Female","name":"Brenda","job":"Devpulse"},
{"gender":"Female","name":"Shirley","job":"Rhyzio"},
{"gender":"Female","name":"Amy","job":"Eazzy"},
{"gender":"Male","name":"Harold","job":"Rhyzio"},
{"gender":"Female","name":"Cynthia","job":"Youtags"},
{"gender":"Male","name":"Eric","job":"Livetube"},
{"gender":"Female","name":"Christina","job":"Jaxworks"},
{"gender":"Female","name":"Janice","job":"Gigabox"},
{"gender":"Female","name":"Christine","job":"Dablist"},
{"gender":"Female","name":"Amy","job":"Skinder"},
{"gender":"Male","name":"Brian","job":"Thoughtstorm"},
{"gender":"Female","name":"Louise","job":"Photolist"},
{"gender":"Female","name":"Sarah","job":"Zoomcast"},
{"gender":"Male","name":"Peter","job":"Blognation"},
{"gender":"Female","name":"Janet","job":"Wikido"},
{"gender":"Female","name":"Stephanie","job":"Bubblemix"},
{"gender":"Male","name":"Phillip","job":"Zoonoodle"},
{"gender":"Male","name":"Gerald","job":"Gabtype"},
{"gender":"Female","name":"Deborah","job":"Jabbercube"},
{"gender":"Female","name":"Sharon","job":"Oozz"},
{"gender":"Male","name":"Randy","job":"Flipbug"},
{"gender":"Female","name":"Melissa","job":"Brainlounge"},
{"gender":"Male","name":"Peter","job":"Voomm"},
{"gender":"Female","name":"Mildred","job":"Oyoyo"},
{"gender":"Female","name":"Paula","job":"Meejo"},
{"gender":"Male","name":"Arthur","job":"Babbleblab"},
{"gender":"Male","name":"Willie","job":"Browseblab"},
{"gender":"Male","name":"Antonio","job":"Realbuzz"},
{"gender":"Male","name":"Steven","job":"Tagtune"},
{"gender":"Female","name":"Lillian","job":"Latz"},
{"gender":"Male","name":"Martin","job":"Brainverse"},
{"gender":"Male","name":"Roy","job":"Lazzy"},
{"gender":"Male","name":"Larry","job":"Wikizz"},
{"gender":"Female","name":"Kelly","job":"Kwideo"},
{"gender":"Female","name":"Ruth","job":"Youtags"},
{"gender":"Male","name":"Charles","job":"Cogilith"},
{"gender":"Male","name":"Ronald","job":"Reallinks"},
{"gender":"Male","name":"Charles","job":"Omba"},
{"gender":"Male","name":"Anthony","job":"Shufflester"},
{"gender":"Female","name":"Judith","job":"Jabbersphere"},
{"gender":"Male","name":"Mark","job":"Tazzy"},
{"gender":"Male","name":"Chris","job":"Skinte"},
{"gender":"Male","name":"Sean","job":"Meevee"},
{"gender":"Male","name":"Kenneth","job":"Livetube"},
{"gender":"Female","name":"Janet","job":"Kaymbo"},
{"gender":"Female","name":"Sharon","job":"Innojam"},
{"gender":"Female","name":"Karen","job":"Buzzshare"},
{"gender":"Male","name":"Eric","job":"Photobug"},
{"gender":"Female","name":"Rose","job":"Avamm"},
{"gender":"Male","name":"Bobby","job":"BlogXS"},
{"gender":"Female","name":"Nicole","job":"Feedspan"},
{"gender":"Female","name":"Bonnie","job":"Flashset"},
{"gender":"Male","name":"Matthew","job":"Zoonoodle"},
{"gender":"Male","name":"Frank","job":"Devpoint"},
{"gender":"Male","name":"Fred","job":"Jabberbean"},
{"gender":"Male","name":"Roger","job":"Devcast"},
{"gender":"Male","name":"Daniel","job":"Photospace"},
{"gender":"Male","name":"Richard","job":"Muxo"},
{"gender":"Male","name":"Alan","job":"Quatz"},
{"gender":"Male","name":"Jose","job":"Quimm"},
{"gender":"Female","name":"Tammy","job":"Voomm"},
{"gender":"Male","name":"Adam","job":"Snaptags"},
{"gender":"Male","name":"Roy","job":"Feedfire"},
{"gender":"Female","name":"Lori","job":"Skidoo"},
{"gender":"Male","name":"Matthew","job":"Meedoo"},
{"gender":"Male","name":"Kevin","job":"Shuffledrive"},
{"gender":"Male","name":"Richard","job":"Brainsphere"},
{"gender":"Male","name":"Peter","job":"Cogilith"},
{"gender":"Male","name":"Ronald","job":"Jazzy"},
{"gender":"Male","name":"Juan","job":"Feedbug"},
{"gender":"Female","name":"Mary","job":"Wikivu"},
{"gender":"Male","name":"John","job":"Browsetype"},
{"gender":"Female","name":"Janice","job":"Divanoodle"},
{"gender":"Female","name":"Helen","job":"Browsetype"},
{"gender":"Male","name":"Eric","job":"Centimia"},
{"gender":"Male","name":"Jeffrey","job":"Jetwire"},
{"gender":"Female","name":"Jane","job":"Voonder"},
{"gender":"Female","name":"Kathy","job":"Ainyx"},
{"gender":"Female","name":"Julia","job":"Divanoodle"},
{"gender":"Male","name":"Robert","job":"Vimbo"},
{"gender":"Female","name":"Deborah","job":"Meevee"},
{"gender":"Male","name":"Andrew","job":"Innotype"},
{"gender":"Female","name":"Christina","job":"DabZ"},
{"gender":"Female","name":"Susan","job":"Avavee"},
{"gender":"Male","name":"Alan","job":"Dynava"},
{"gender":"Female","name":"Joyce","job":"Yakidoo"},
{"gender":"Female","name":"Pamela","job":"Jetpulse"},
{"gender":"Male","name":"Chris","job":"Layo"},
{"gender":"Female","name":"Catherine","job":"Kwideo"},
{"gender":"Female","name":"Evelyn","job":"Twimbo"},
{"gender":"Female","name":"Stephanie","job":"Fivechat"},
{"gender":"Male","name":"Timothy","job":"Yambee"},
{"gender":"Male","name":"Sean","job":"Meevee"},
{"gender":"Female","name":"Sarah","job":"Zazio"},
{"gender":"Female","name":"Beverly","job":"Midel"},
{"gender":"Male","name":"Benjamin","job":"Dabvine"},
{"gender":"Male","name":"Phillip","job":"Camido"},
{"gender":"Female","name":"Martha","job":"Devshare"},
{"gender":"Male","name":"William","job":"InnoZ"},
{"gender":"Female","name":"Karen","job":"Devify"},
{"gender":"Male","name":"Randy","job":"Browsedrive"},
{"gender":"Female","name":"Doris","job":"Tagpad"},
{"gender":"Female","name":"Dorothy","job":"Yabox"},
{"gender":"Female","name":"Jessica","job":"Quatz"},
{"gender":"Female","name":"Robin","job":"Twitterwire"},
{"gender":"Female","name":"Janet","job":"Wikizz"},
{"gender":"Female","name":"Martha","job":"Flipopia"},
{"gender":"Female","name":"Judith","job":"Fivechat"},
{"gender":"Male","name":"Joshua","job":"Yabox"},
{"gender":"Male","name":"Jeffrey","job":"Photolist"},
{"gender":"Male","name":"Steven","job":"Skinix"},
{"gender":"Male","name":"Shawn","job":"Livetube"},
{"gender":"Male","name":"Sean","job":"Jaxspan"},
{"gender":"Male","name":"Steven","job":"Centimia"},
{"gender":"Male","name":"Carlos","job":"Yombu"},
{"gender":"Female","name":"Jessica","job":"Flipopia"},
{"gender":"Male","name":"Donald","job":"Eabox"},
{"gender":"Male","name":"Willie","job":"Reallinks"}]